{
  "venom.trans": {
    "sounds": [
      "venom/transform"
    ],
    "category": "player"
  },
  "venom.jab": {
    "sounds": [
      "venom/jab"
    ],
    "category": "player"
  },
  "venom.climb": {
    "sounds": [
      "venom/climb"
    ],
    "category": "player"
  },
  "thunder.clap": {
    "sounds": [
      "adam/thunderclap"
    ],
    "category": "player"
  },
  "lighting.sound": {
    "sounds": [
      "adam/lightingsound"
    ],
    "category": "player"
  },
  "shazam.sound": {
    "sounds": [
      "adam/shazamsound"
    ],
    "category": "player"
  },
  "sonic.sound": {
    "sounds": [
      "adam/superspeed"
    ],
    "category": "player"
  }
}